civaa001,Civale,Aaron,R,R,CLE,P
luccj001,Lucchesi,Joey,L,L,SDP,P
tuckp001,Tucker,Preston,L,L,ATL,OF
munoy001,Munoz,Yairo,R,R,STL,SS
duffm001,Duffy,Matt,R,R,TBA,3B
kings001,Kingery,Scott,R,R,PHI,2B
mikom001,Mikolas,Miles,R,R,STL,P